Method,Name,Error,Occurrences
PATCH,/api/tasks/69ba75c2cfc15ea9c122adbd,HTTPError('500 Server Error: Internal Server Error for url: /api/tasks/69ba75c2cfc15ea9c122adbd'),1
PATCH,/api/tasks/69ba75b4cfc15ea9c122ad38,HTTPError('500 Server Error: Internal Server Error for url: /api/tasks/69ba75b4cfc15ea9c122ad38'),1
PATCH,/api/tasks/69ba75c2cfc15ea9c122adb0,HTTPError('500 Server Error: Internal Server Error for url: /api/tasks/69ba75c2cfc15ea9c122adb0'),1
PATCH,/api/tasks/69ba75b2cfc15ea9c122ad2c,HTTPError('500 Server Error: Internal Server Error for url: /api/tasks/69ba75b2cfc15ea9c122ad2c'),1
PATCH,/api/tasks/69ba75c2cfc15ea9c122adb1,HTTPError('500 Server Error: Internal Server Error for url: /api/tasks/69ba75c2cfc15ea9c122adb1'),1
PATCH,/api/tasks/69ba75c0cfc15ea9c122ad9e,HTTPError('500 Server Error: Internal Server Error for url: /api/tasks/69ba75c0cfc15ea9c122ad9e'),1
PATCH,/api/tasks/69ba75c7cfc15ea9c122adde,HTTPError('500 Server Error: Internal Server Error for url: /api/tasks/69ba75c7cfc15ea9c122adde'),1
PATCH,/api/tasks/69ba75b6cfc15ea9c122ad47,HTTPError('500 Server Error: Internal Server Error for url: /api/tasks/69ba75b6cfc15ea9c122ad47'),1
PATCH,/api/tasks/69ba75b1cfc15ea9c122ad29,HTTPError('500 Server Error: Internal Server Error for url: /api/tasks/69ba75b1cfc15ea9c122ad29'),1
PATCH,/api/tasks/69ba75c8cfc15ea9c122adf0,HTTPError('500 Server Error: Internal Server Error for url: /api/tasks/69ba75c8cfc15ea9c122adf0'),1
PATCH,/api/tasks/69ba75b9cfc15ea9c122ad6a,HTTPError('500 Server Error: Internal Server Error for url: /api/tasks/69ba75b9cfc15ea9c122ad6a'),1
PATCH,/api/tasks/69ba75c8cfc15ea9c122aded,HTTPError('500 Server Error: Internal Server Error for url: /api/tasks/69ba75c8cfc15ea9c122aded'),1
PATCH,/api/tasks/69ba75c2cfc15ea9c122adc3,HTTPError('500 Server Error: Internal Server Error for url: /api/tasks/69ba75c2cfc15ea9c122adc3'),1
PATCH,/api/tasks/69ba75c8cfc15ea9c122ade9,HTTPError('500 Server Error: Internal Server Error for url: /api/tasks/69ba75c8cfc15ea9c122ade9'),1
PATCH,/api/tasks/69ba75c7cfc15ea9c122ade0,HTTPError('500 Server Error: Internal Server Error for url: /api/tasks/69ba75c7cfc15ea9c122ade0'),1
PATCH,/api/tasks/69ba75b4cfc15ea9c122ad3c,HTTPError('500 Server Error: Internal Server Error for url: /api/tasks/69ba75b4cfc15ea9c122ad3c'),1
PATCH,/api/tasks/69ba75b5cfc15ea9c122ad43,HTTPError('500 Server Error: Internal Server Error for url: /api/tasks/69ba75b5cfc15ea9c122ad43'),1
PATCH,/api/tasks/69ba75b1cfc15ea9c122ad27,HTTPError('500 Server Error: Internal Server Error for url: /api/tasks/69ba75b1cfc15ea9c122ad27'),1
PATCH,/api/tasks/69ba75b7cfc15ea9c122ad5b,HTTPError('500 Server Error: Internal Server Error for url: /api/tasks/69ba75b7cfc15ea9c122ad5b'),1
PATCH,/api/tasks/69ba75cacfc15ea9c122adfe,HTTPError('500 Server Error: Internal Server Error for url: /api/tasks/69ba75cacfc15ea9c122adfe'),1
PATCH,/api/tasks/69ba75c6cfc15ea9c122adce,HTTPError('500 Server Error: Internal Server Error for url: /api/tasks/69ba75c6cfc15ea9c122adce'),1
PATCH,/api/tasks/69ba75bbcfc15ea9c122ad78,HTTPError('500 Server Error: Internal Server Error for url: /api/tasks/69ba75bbcfc15ea9c122ad78'),1
PATCH,/api/tasks/69ba75bacfc15ea9c122ad6e,HTTPError('500 Server Error: Internal Server Error for url: /api/tasks/69ba75bacfc15ea9c122ad6e'),1
PATCH,/api/tasks/69ba75c8cfc15ea9c122adec,HTTPError('500 Server Error: Internal Server Error for url: /api/tasks/69ba75c8cfc15ea9c122adec'),1
PATCH,/api/tasks/69ba75b9cfc15ea9c122ad68,HTTPError('500 Server Error: Internal Server Error for url: /api/tasks/69ba75b9cfc15ea9c122ad68'),1
PATCH,/api/tasks/69ba75b4cfc15ea9c122ad39,HTTPError('500 Server Error: Internal Server Error for url: /api/tasks/69ba75b4cfc15ea9c122ad39'),1
PATCH,/api/tasks/69ba75c8cfc15ea9c122ade5,HTTPError('500 Server Error: Internal Server Error for url: /api/tasks/69ba75c8cfc15ea9c122ade5'),1
PATCH,/api/tasks/69ba75b7cfc15ea9c122ad54,HTTPError('500 Server Error: Internal Server Error for url: /api/tasks/69ba75b7cfc15ea9c122ad54'),1
PATCH,/api/tasks/69ba75c2cfc15ea9c122adb6,HTTPError('500 Server Error: Internal Server Error for url: /api/tasks/69ba75c2cfc15ea9c122adb6'),1
PATCH,/api/tasks/69ba75c8cfc15ea9c122ade7,HTTPError('500 Server Error: Internal Server Error for url: /api/tasks/69ba75c8cfc15ea9c122ade7'),1
PATCH,/api/tasks/69ba75b7cfc15ea9c122ad5e,HTTPError('500 Server Error: Internal Server Error for url: /api/tasks/69ba75b7cfc15ea9c122ad5e'),1
PATCH,/api/tasks/69ba75b6cfc15ea9c122ad4f,HTTPError('500 Server Error: Internal Server Error for url: /api/tasks/69ba75b6cfc15ea9c122ad4f'),1
PATCH,/api/tasks/69ba75bbcfc15ea9c122ad76,HTTPError('500 Server Error: Internal Server Error for url: /api/tasks/69ba75bbcfc15ea9c122ad76'),1
PATCH,/api/tasks/69ba75c6cfc15ea9c122add2,HTTPError('500 Server Error: Internal Server Error for url: /api/tasks/69ba75c6cfc15ea9c122add2'),1
PATCH,/api/tasks/69ba75bccfc15ea9c122ad92,HTTPError('500 Server Error: Internal Server Error for url: /api/tasks/69ba75bccfc15ea9c122ad92'),1
PATCH,/api/tasks/69ba75c7cfc15ea9c122adda,HTTPError('500 Server Error: Internal Server Error for url: /api/tasks/69ba75c7cfc15ea9c122adda'),1
PATCH,/api/tasks/69ba75b6cfc15ea9c122ad4e,HTTPError('500 Server Error: Internal Server Error for url: /api/tasks/69ba75b6cfc15ea9c122ad4e'),1
PATCH,/api/tasks/69ba75c0cfc15ea9c122ada3,HTTPError('500 Server Error: Internal Server Error for url: /api/tasks/69ba75c0cfc15ea9c122ada3'),1
PATCH,/api/tasks/69ba75b6cfc15ea9c122ad4c,HTTPError('500 Server Error: Internal Server Error for url: /api/tasks/69ba75b6cfc15ea9c122ad4c'),1
PATCH,/api/tasks/69ba75c1cfc15ea9c122adaa,HTTPError('500 Server Error: Internal Server Error for url: /api/tasks/69ba75c1cfc15ea9c122adaa'),1
PATCH,/api/tasks/69ba75becfc15ea9c122ad9b,HTTPError('500 Server Error: Internal Server Error for url: /api/tasks/69ba75becfc15ea9c122ad9b'),1
PATCH,/api/tasks/69ba75c7cfc15ea9c122add6,HTTPError('500 Server Error: Internal Server Error for url: /api/tasks/69ba75c7cfc15ea9c122add6'),1
PATCH,/api/tasks/69ba75b7cfc15ea9c122ad55,HTTPError('500 Server Error: Internal Server Error for url: /api/tasks/69ba75b7cfc15ea9c122ad55'),1
PATCH,/api/tasks/69ba75c8cfc15ea9c122ade1,HTTPError('500 Server Error: Internal Server Error for url: /api/tasks/69ba75c8cfc15ea9c122ade1'),1
PATCH,/api/tasks/69ba75bdcfc15ea9c122ad93,HTTPError('500 Server Error: Internal Server Error for url: /api/tasks/69ba75bdcfc15ea9c122ad93'),1
PATCH,/api/tasks/69ba75c1cfc15ea9c122ada9,HTTPError('500 Server Error: Internal Server Error for url: /api/tasks/69ba75c1cfc15ea9c122ada9'),1
PATCH,/api/tasks/69ba75bccfc15ea9c122ad8a,HTTPError('500 Server Error: Internal Server Error for url: /api/tasks/69ba75bccfc15ea9c122ad8a'),1
PATCH,/api/tasks/69ba75c9cfc15ea9c122adfb,HTTPError('500 Server Error: Internal Server Error for url: /api/tasks/69ba75c9cfc15ea9c122adfb'),1
PATCH,/api/tasks/69ba75bccfc15ea9c122ad8d,HTTPError('500 Server Error: Internal Server Error for url: /api/tasks/69ba75bccfc15ea9c122ad8d'),1
PATCH,/api/tasks/69ba75b7cfc15ea9c122ad5c,HTTPError('500 Server Error: Internal Server Error for url: /api/tasks/69ba75b7cfc15ea9c122ad5c'),1
PATCH,/api/tasks/69ba75bacfc15ea9c122ad6f,HTTPError('500 Server Error: Internal Server Error for url: /api/tasks/69ba75bacfc15ea9c122ad6f'),1
PATCH,/api/tasks/69ba75bccfc15ea9c122ad8e,HTTPError('500 Server Error: Internal Server Error for url: /api/tasks/69ba75bccfc15ea9c122ad8e'),1
PATCH,/api/tasks/69ba75b7cfc15ea9c122ad60,HTTPError('500 Server Error: Internal Server Error for url: /api/tasks/69ba75b7cfc15ea9c122ad60'),1
PATCH,/api/tasks/69ba75bacfc15ea9c122ad6c,HTTPError('500 Server Error: Internal Server Error for url: /api/tasks/69ba75bacfc15ea9c122ad6c'),1
PATCH,/api/tasks/69ba75b3cfc15ea9c122ad36,HTTPError('500 Server Error: Internal Server Error for url: /api/tasks/69ba75b3cfc15ea9c122ad36'),1
PATCH,/api/tasks/69ba75c2cfc15ea9c122adc2,HTTPError('500 Server Error: Internal Server Error for url: /api/tasks/69ba75c2cfc15ea9c122adc2'),1
PATCH,/api/tasks/69ba75b5cfc15ea9c122ad44,HTTPError('500 Server Error: Internal Server Error for url: /api/tasks/69ba75b5cfc15ea9c122ad44'),1
PATCH,/api/tasks/69ba75c9cfc15ea9c122adf2,HTTPError('500 Server Error: Internal Server Error for url: /api/tasks/69ba75c9cfc15ea9c122adf2'),1
PATCH,/api/tasks/69ba75c1cfc15ea9c122ada7,HTTPError('500 Server Error: Internal Server Error for url: /api/tasks/69ba75c1cfc15ea9c122ada7'),1
PATCH,/api/tasks/69ba75bccfc15ea9c122ad8b,HTTPError('500 Server Error: Internal Server Error for url: /api/tasks/69ba75bccfc15ea9c122ad8b'),1
PATCH,/api/tasks/69ba75c1cfc15ea9c122adac,HTTPError('500 Server Error: Internal Server Error for url: /api/tasks/69ba75c1cfc15ea9c122adac'),1
PATCH,/api/tasks/69ba75c0cfc15ea9c122ad9d,HTTPError('500 Server Error: Internal Server Error for url: /api/tasks/69ba75c0cfc15ea9c122ad9d'),1
PATCH,/api/tasks/69ba75b5cfc15ea9c122ad3e,HTTPError('500 Server Error: Internal Server Error for url: /api/tasks/69ba75b5cfc15ea9c122ad3e'),1
PATCH,/api/tasks/69ba75b2cfc15ea9c122ad2f,HTTPError('500 Server Error: Internal Server Error for url: /api/tasks/69ba75b2cfc15ea9c122ad2f'),1
PATCH,/api/tasks/69ba75bccfc15ea9c122ad8c,HTTPError('500 Server Error: Internal Server Error for url: /api/tasks/69ba75bccfc15ea9c122ad8c'),1
PATCH,/api/tasks/69ba75bbcfc15ea9c122ad77,HTTPError('500 Server Error: Internal Server Error for url: /api/tasks/69ba75bbcfc15ea9c122ad77'),1
PATCH,/api/tasks/69ba75c8cfc15ea9c122adea,HTTPError('500 Server Error: Internal Server Error for url: /api/tasks/69ba75c8cfc15ea9c122adea'),1
PATCH,/api/tasks/69ba75bacfc15ea9c122ad74,HTTPError('500 Server Error: Internal Server Error for url: /api/tasks/69ba75bacfc15ea9c122ad74'),1
PATCH,/api/tasks/69ba75b7cfc15ea9c122ad5d,HTTPError('500 Server Error: Internal Server Error for url: /api/tasks/69ba75b7cfc15ea9c122ad5d'),1
PATCH,/api/tasks/69ba75c7cfc15ea9c122add7,HTTPError('500 Server Error: Internal Server Error for url: /api/tasks/69ba75c7cfc15ea9c122add7'),1
PATCH,/api/tasks/69ba75b8cfc15ea9c122ad65,HTTPError('500 Server Error: Internal Server Error for url: /api/tasks/69ba75b8cfc15ea9c122ad65'),1
PATCH,/api/tasks/69ba75c2cfc15ea9c122adba,HTTPError('500 Server Error: Internal Server Error for url: /api/tasks/69ba75c2cfc15ea9c122adba'),1
PATCH,/api/tasks/69ba75b6cfc15ea9c122ad48,HTTPError('500 Server Error: Internal Server Error for url: /api/tasks/69ba75b6cfc15ea9c122ad48'),1
PATCH,/api/tasks/69ba75b7cfc15ea9c122ad5a,HTTPError('500 Server Error: Internal Server Error for url: /api/tasks/69ba75b7cfc15ea9c122ad5a'),1
PATCH,/api/tasks/69ba75becfc15ea9c122ad99,HTTPError('500 Server Error: Internal Server Error for url: /api/tasks/69ba75becfc15ea9c122ad99'),1
PATCH,/api/tasks/69ba75c8cfc15ea9c122ade2,HTTPError('500 Server Error: Internal Server Error for url: /api/tasks/69ba75c8cfc15ea9c122ade2'),1
PATCH,/api/tasks/69ba75b7cfc15ea9c122ad5f,HTTPError('500 Server Error: Internal Server Error for url: /api/tasks/69ba75b7cfc15ea9c122ad5f'),1
PATCH,/api/tasks/69ba75b7cfc15ea9c122ad59,HTTPError('500 Server Error: Internal Server Error for url: /api/tasks/69ba75b7cfc15ea9c122ad59'),1
PATCH,/api/tasks/69ba75c9cfc15ea9c122adf5,HTTPError('500 Server Error: Internal Server Error for url: /api/tasks/69ba75c9cfc15ea9c122adf5'),1
PATCH,/api/tasks/69ba75c6cfc15ea9c122add0,HTTPError('500 Server Error: Internal Server Error for url: /api/tasks/69ba75c6cfc15ea9c122add0'),1
PATCH,/api/tasks/69ba75c2cfc15ea9c122adb2,HTTPError('500 Server Error: Internal Server Error for url: /api/tasks/69ba75c2cfc15ea9c122adb2'),1
PATCH,/api/tasks/69ba75c9cfc15ea9c122adf7,HTTPError('500 Server Error: Internal Server Error for url: /api/tasks/69ba75c9cfc15ea9c122adf7'),1
PATCH,/api/tasks/69ba75bbcfc15ea9c122ad82,HTTPError('500 Server Error: Internal Server Error for url: /api/tasks/69ba75bbcfc15ea9c122ad82'),1
PATCH,/api/tasks/69ba75b8cfc15ea9c122ad63,HTTPError('500 Server Error: Internal Server Error for url: /api/tasks/69ba75b8cfc15ea9c122ad63'),1
PATCH,/api/tasks/69ba75c2cfc15ea9c122adc6,HTTPError('500 Server Error: Internal Server Error for url: /api/tasks/69ba75c2cfc15ea9c122adc6'),1
PATCH,/api/tasks/69ba75c2cfc15ea9c122adb8,HTTPError('500 Server Error: Internal Server Error for url: /api/tasks/69ba75c2cfc15ea9c122adb8'),1
PATCH,/api/tasks/69ba75b9cfc15ea9c122ad67,HTTPError('500 Server Error: Internal Server Error for url: /api/tasks/69ba75b9cfc15ea9c122ad67'),1
PATCH,/api/tasks/69ba75c7cfc15ea9c122addf,HTTPError('500 Server Error: Internal Server Error for url: /api/tasks/69ba75c7cfc15ea9c122addf'),1
PATCH,/api/tasks/69ba75c2cfc15ea9c122adb3,HTTPError('500 Server Error: Internal Server Error for url: /api/tasks/69ba75c2cfc15ea9c122adb3'),1
PATCH,/api/tasks/69ba75bccfc15ea9c122ad84,HTTPError('500 Server Error: Internal Server Error for url: /api/tasks/69ba75bccfc15ea9c122ad84'),1
PATCH,/api/tasks/69ba75bbcfc15ea9c122ad7a,HTTPError('500 Server Error: Internal Server Error for url: /api/tasks/69ba75bbcfc15ea9c122ad7a'),1
PATCH,/api/tasks/69ba75bbcfc15ea9c122ad7f,HTTPError('500 Server Error: Internal Server Error for url: /api/tasks/69ba75bbcfc15ea9c122ad7f'),1
PATCH,/api/tasks/69ba75c2cfc15ea9c122adbb,HTTPError('500 Server Error: Internal Server Error for url: /api/tasks/69ba75c2cfc15ea9c122adbb'),1
PATCH,/api/tasks/69ba75bccfc15ea9c122ad91,HTTPError('500 Server Error: Internal Server Error for url: /api/tasks/69ba75bccfc15ea9c122ad91'),1
PATCH,/api/tasks/69ba75b3cfc15ea9c122ad35,HTTPError('500 Server Error: Internal Server Error for url: /api/tasks/69ba75b3cfc15ea9c122ad35'),1
PATCH,/api/tasks/69ba75c7cfc15ea9c122add5,HTTPError('500 Server Error: Internal Server Error for url: /api/tasks/69ba75c7cfc15ea9c122add5'),1
PATCH,/api/tasks/69ba75b6cfc15ea9c122ad49,HTTPError('500 Server Error: Internal Server Error for url: /api/tasks/69ba75b6cfc15ea9c122ad49'),1
PATCH,/api/tasks/69ba75bbcfc15ea9c122ad7c,HTTPError('500 Server Error: Internal Server Error for url: /api/tasks/69ba75bbcfc15ea9c122ad7c'),1
PATCH,/api/tasks/69ba75c3cfc15ea9c122adc7,HTTPError('500 Server Error: Internal Server Error for url: /api/tasks/69ba75c3cfc15ea9c122adc7'),1
PATCH,/api/tasks/69ba75c0cfc15ea9c122ada0,HTTPError('500 Server Error: Internal Server Error for url: /api/tasks/69ba75c0cfc15ea9c122ada0'),1
PATCH,/api/tasks/69ba75b4cfc15ea9c122ad3d,HTTPError('500 Server Error: Internal Server Error for url: /api/tasks/69ba75b4cfc15ea9c122ad3d'),1
PATCH,/api/tasks/69ba75b3cfc15ea9c122ad37,HTTPError('500 Server Error: Internal Server Error for url: /api/tasks/69ba75b3cfc15ea9c122ad37'),1
PATCH,/api/tasks/69ba75b7cfc15ea9c122ad58,HTTPError('500 Server Error: Internal Server Error for url: /api/tasks/69ba75b7cfc15ea9c122ad58'),1
PATCH,/api/tasks/69ba75c1cfc15ea9c122adab,HTTPError('500 Server Error: Internal Server Error for url: /api/tasks/69ba75c1cfc15ea9c122adab'),1
PATCH,/api/tasks/69ba75b9cfc15ea9c122ad69,HTTPError('500 Server Error: Internal Server Error for url: /api/tasks/69ba75b9cfc15ea9c122ad69'),1
PATCH,/api/tasks/69ba75bdcfc15ea9c122ad95,HTTPError('500 Server Error: Internal Server Error for url: /api/tasks/69ba75bdcfc15ea9c122ad95'),1
PATCH,/api/tasks/69ba75b6cfc15ea9c122ad51,HTTPError('500 Server Error: Internal Server Error for url: /api/tasks/69ba75b6cfc15ea9c122ad51'),1
PATCH,/api/tasks/69ba75b6cfc15ea9c122ad4d,HTTPError('500 Server Error: Internal Server Error for url: /api/tasks/69ba75b6cfc15ea9c122ad4d'),1
PATCH,/api/tasks/69ba75cacfc15ea9c122adfc,HTTPError('500 Server Error: Internal Server Error for url: /api/tasks/69ba75cacfc15ea9c122adfc'),1
PATCH,/api/tasks/69ba75c1cfc15ea9c122ada8,HTTPError('500 Server Error: Internal Server Error for url: /api/tasks/69ba75c1cfc15ea9c122ada8'),1
PATCH,/api/tasks/69ba75b7cfc15ea9c122ad57,HTTPError('500 Server Error: Internal Server Error for url: /api/tasks/69ba75b7cfc15ea9c122ad57'),1
PATCH,/api/tasks/69ba75b5cfc15ea9c122ad46,HTTPError('500 Server Error: Internal Server Error for url: /api/tasks/69ba75b5cfc15ea9c122ad46'),1
PATCH,/api/tasks/69ba75c9cfc15ea9c122adf3,HTTPError('500 Server Error: Internal Server Error for url: /api/tasks/69ba75c9cfc15ea9c122adf3'),1
PATCH,/api/tasks/69ba75c0cfc15ea9c122ada6,HTTPError('500 Server Error: Internal Server Error for url: /api/tasks/69ba75c0cfc15ea9c122ada6'),1
PATCH,/api/tasks/69ba75b6cfc15ea9c122ad52,HTTPError('500 Server Error: Internal Server Error for url: /api/tasks/69ba75b6cfc15ea9c122ad52'),1
PATCH,/api/tasks/69ba75c9cfc15ea9c122adf4,HTTPError('500 Server Error: Internal Server Error for url: /api/tasks/69ba75c9cfc15ea9c122adf4'),1
PATCH,/api/tasks/69ba75c6cfc15ea9c122add1,HTTPError('500 Server Error: Internal Server Error for url: /api/tasks/69ba75c6cfc15ea9c122add1'),1
PATCH,/api/tasks/69ba75b6cfc15ea9c122ad4b,HTTPError('500 Server Error: Internal Server Error for url: /api/tasks/69ba75b6cfc15ea9c122ad4b'),1
PATCH,/api/tasks/69ba75c2cfc15ea9c122adb7,HTTPError('500 Server Error: Internal Server Error for url: /api/tasks/69ba75c2cfc15ea9c122adb7'),1
PATCH,/api/tasks/69ba75bdcfc15ea9c122ad96,HTTPError('500 Server Error: Internal Server Error for url: /api/tasks/69ba75bdcfc15ea9c122ad96'),1
PATCH,/api/tasks/69ba75c3cfc15ea9c122adca,HTTPError('500 Server Error: Internal Server Error for url: /api/tasks/69ba75c3cfc15ea9c122adca'),1
PATCH,/api/tasks/69ba75b7cfc15ea9c122ad56,HTTPError('500 Server Error: Internal Server Error for url: /api/tasks/69ba75b7cfc15ea9c122ad56'),1
PATCH,/api/tasks/69ba75c2cfc15ea9c122adc5,HTTPError('500 Server Error: Internal Server Error for url: /api/tasks/69ba75c2cfc15ea9c122adc5'),1
PATCH,/api/tasks/69ba75c0cfc15ea9c122ada5,HTTPError('500 Server Error: Internal Server Error for url: /api/tasks/69ba75c0cfc15ea9c122ada5'),1
PATCH,/api/tasks/69ba75c4cfc15ea9c122adcd,HTTPError('500 Server Error: Internal Server Error for url: /api/tasks/69ba75c4cfc15ea9c122adcd'),1
PATCH,/api/tasks/69ba75b4cfc15ea9c122ad3b,HTTPError('500 Server Error: Internal Server Error for url: /api/tasks/69ba75b4cfc15ea9c122ad3b'),1
PATCH,/api/tasks/69ba75cacfc15ea9c122adfd,HTTPError('500 Server Error: Internal Server Error for url: /api/tasks/69ba75cacfc15ea9c122adfd'),1
PATCH,/api/tasks/69ba75b1cfc15ea9c122ad26,HTTPError('500 Server Error: Internal Server Error for url: /api/tasks/69ba75b1cfc15ea9c122ad26'),1
PATCH,/api/tasks/69ba75c1cfc15ea9c122adad,HTTPError('500 Server Error: Internal Server Error for url: /api/tasks/69ba75c1cfc15ea9c122adad'),1
PATCH,/api/tasks/69ba75bccfc15ea9c122ad86,HTTPError('500 Server Error: Internal Server Error for url: /api/tasks/69ba75bccfc15ea9c122ad86'),1
PATCH,/api/tasks/69ba75bbcfc15ea9c122ad7b,HTTPError('500 Server Error: Internal Server Error for url: /api/tasks/69ba75bbcfc15ea9c122ad7b'),1
PATCH,/api/tasks/69ba75bacfc15ea9c122ad73,HTTPError('500 Server Error: Internal Server Error for url: /api/tasks/69ba75bacfc15ea9c122ad73'),1
PATCH,/api/tasks/69ba75b4cfc15ea9c122ad3a,HTTPError('500 Server Error: Internal Server Error for url: /api/tasks/69ba75b4cfc15ea9c122ad3a'),1
PATCH,/api/tasks/69ba75c8cfc15ea9c122ade6,HTTPError('500 Server Error: Internal Server Error for url: /api/tasks/69ba75c8cfc15ea9c122ade6'),1
PATCH,/api/tasks/69ba75c2cfc15ea9c122adbf,HTTPError('500 Server Error: Internal Server Error for url: /api/tasks/69ba75c2cfc15ea9c122adbf'),1
PATCH,/api/tasks/69ba75c8cfc15ea9c122ade3,HTTPError('500 Server Error: Internal Server Error for url: /api/tasks/69ba75c8cfc15ea9c122ade3'),1
PATCH,/api/tasks/69ba75c9cfc15ea9c122adfa,HTTPError('500 Server Error: Internal Server Error for url: /api/tasks/69ba75c9cfc15ea9c122adfa'),1
PATCH,/api/tasks/69ba75c2cfc15ea9c122adc1,HTTPError('500 Server Error: Internal Server Error for url: /api/tasks/69ba75c2cfc15ea9c122adc1'),1
PATCH,/api/tasks/69ba75b6cfc15ea9c122ad4a,HTTPError('500 Server Error: Internal Server Error for url: /api/tasks/69ba75b6cfc15ea9c122ad4a'),1
PATCH,/api/tasks/69ba75c8cfc15ea9c122adef,HTTPError('500 Server Error: Internal Server Error for url: /api/tasks/69ba75c8cfc15ea9c122adef'),1
PATCH,/api/tasks/69ba75b1cfc15ea9c122ad28,HTTPError('500 Server Error: Internal Server Error for url: /api/tasks/69ba75b1cfc15ea9c122ad28'),1
PATCH,/api/tasks/69ba75becfc15ea9c122ad9a,HTTPError('500 Server Error: Internal Server Error for url: /api/tasks/69ba75becfc15ea9c122ad9a'),1
PATCH,/api/tasks/69ba75c0cfc15ea9c122ada4,HTTPError('500 Server Error: Internal Server Error for url: /api/tasks/69ba75c0cfc15ea9c122ada4'),1
PATCH,/api/tasks/69ba75c2cfc15ea9c122adb9,HTTPError('500 Server Error: Internal Server Error for url: /api/tasks/69ba75c2cfc15ea9c122adb9'),1
PATCH,/api/tasks/69ba75b2cfc15ea9c122ad30,HTTPError('500 Server Error: Internal Server Error for url: /api/tasks/69ba75b2cfc15ea9c122ad30'),1
PATCH,/api/tasks/69ba75c1cfc15ea9c122adae,HTTPError('500 Server Error: Internal Server Error for url: /api/tasks/69ba75c1cfc15ea9c122adae'),1
PATCH,/api/tasks/69ba75b7cfc15ea9c122ad61,HTTPError('500 Server Error: Internal Server Error for url: /api/tasks/69ba75b7cfc15ea9c122ad61'),1
PATCH,/api/tasks/69ba75c7cfc15ea9c122add3,HTTPError('500 Server Error: Internal Server Error for url: /api/tasks/69ba75c7cfc15ea9c122add3'),1
PATCH,/api/tasks/69ba75c3cfc15ea9c122adc9,HTTPError('500 Server Error: Internal Server Error for url: /api/tasks/69ba75c3cfc15ea9c122adc9'),1
PATCH,/api/tasks/69ba75bacfc15ea9c122ad75,HTTPError('500 Server Error: Internal Server Error for url: /api/tasks/69ba75bacfc15ea9c122ad75'),1
PATCH,/api/tasks/69ba75c2cfc15ea9c122adb5,HTTPError('500 Server Error: Internal Server Error for url: /api/tasks/69ba75c2cfc15ea9c122adb5'),1
PATCH,/api/tasks/69ba75bccfc15ea9c122ad88,HTTPError('500 Server Error: Internal Server Error for url: /api/tasks/69ba75bccfc15ea9c122ad88'),1
PATCH,/api/tasks/69ba75c0cfc15ea9c122ad9f,HTTPError('500 Server Error: Internal Server Error for url: /api/tasks/69ba75c0cfc15ea9c122ad9f'),1
PATCH,/api/tasks/69ba75b5cfc15ea9c122ad41,HTTPError('500 Server Error: Internal Server Error for url: /api/tasks/69ba75b5cfc15ea9c122ad41'),1
PATCH,/api/tasks/69ba75b5cfc15ea9c122ad45,HTTPError('500 Server Error: Internal Server Error for url: /api/tasks/69ba75b5cfc15ea9c122ad45'),1
PATCH,/api/tasks/69ba75b8cfc15ea9c122ad62,HTTPError('500 Server Error: Internal Server Error for url: /api/tasks/69ba75b8cfc15ea9c122ad62'),1
PATCH,/api/tasks/69ba75c2cfc15ea9c122adc4,HTTPError('500 Server Error: Internal Server Error for url: /api/tasks/69ba75c2cfc15ea9c122adc4'),1
PATCH,/api/tasks/69ba75c7cfc15ea9c122addd,HTTPError('500 Server Error: Internal Server Error for url: /api/tasks/69ba75c7cfc15ea9c122addd'),1
PATCH,/api/tasks/69ba75b7cfc15ea9c122ad53,HTTPError('500 Server Error: Internal Server Error for url: /api/tasks/69ba75b7cfc15ea9c122ad53'),1
PATCH,/api/tasks/69ba75c2cfc15ea9c122adc0,HTTPError('500 Server Error: Internal Server Error for url: /api/tasks/69ba75c2cfc15ea9c122adc0'),1
PATCH,/api/tasks/69ba75bccfc15ea9c122ad89,HTTPError('500 Server Error: Internal Server Error for url: /api/tasks/69ba75bccfc15ea9c122ad89'),1
PATCH,/api/tasks/69ba75bacfc15ea9c122ad6d,HTTPError('500 Server Error: Internal Server Error for url: /api/tasks/69ba75bacfc15ea9c122ad6d'),1
PATCH,/api/tasks/69ba75c0cfc15ea9c122ada1,HTTPError('500 Server Error: Internal Server Error for url: /api/tasks/69ba75c0cfc15ea9c122ada1'),1
PATCH,/api/tasks/69ba75b8cfc15ea9c122ad66,HTTPError('500 Server Error: Internal Server Error for url: /api/tasks/69ba75b8cfc15ea9c122ad66'),1
PATCH,/api/tasks/69ba75bbcfc15ea9c122ad80,HTTPError('500 Server Error: Internal Server Error for url: /api/tasks/69ba75bbcfc15ea9c122ad80'),1
PATCH,/api/tasks/69ba75c8cfc15ea9c122adeb,HTTPError('500 Server Error: Internal Server Error for url: /api/tasks/69ba75c8cfc15ea9c122adeb'),1
PATCH,/api/tasks/69ba75b3cfc15ea9c122ad33,HTTPError('500 Server Error: Internal Server Error for url: /api/tasks/69ba75b3cfc15ea9c122ad33'),1
PATCH,/api/tasks/69ba75becfc15ea9c122ad98,HTTPError('500 Server Error: Internal Server Error for url: /api/tasks/69ba75becfc15ea9c122ad98'),1
PATCH,/api/tasks/69ba75c7cfc15ea9c122addb,HTTPError('500 Server Error: Internal Server Error for url: /api/tasks/69ba75c7cfc15ea9c122addb'),1
PATCH,/api/tasks/69ba75bdcfc15ea9c122ad97,HTTPError('500 Server Error: Internal Server Error for url: /api/tasks/69ba75bdcfc15ea9c122ad97'),1
PATCH,/api/tasks/69ba75c4cfc15ea9c122adcc,HTTPError('500 Server Error: Internal Server Error for url: /api/tasks/69ba75c4cfc15ea9c122adcc'),1
PATCH,/api/tasks/69ba75c8cfc15ea9c122ade4,HTTPError('500 Server Error: Internal Server Error for url: /api/tasks/69ba75c8cfc15ea9c122ade4'),1
PATCH,/api/tasks/69ba75bbcfc15ea9c122ad7e,HTTPError('500 Server Error: Internal Server Error for url: /api/tasks/69ba75bbcfc15ea9c122ad7e'),1
PATCH,/api/tasks/69ba75b2cfc15ea9c122ad31,HTTPError('500 Server Error: Internal Server Error for url: /api/tasks/69ba75b2cfc15ea9c122ad31'),1
PATCH,/api/tasks/69ba75b3cfc15ea9c122ad32,HTTPError('500 Server Error: Internal Server Error for url: /api/tasks/69ba75b3cfc15ea9c122ad32'),1
PATCH,/api/tasks/69ba75bbcfc15ea9c122ad81,HTTPError('500 Server Error: Internal Server Error for url: /api/tasks/69ba75bbcfc15ea9c122ad81'),1
PATCH,/api/tasks/69ba75b1cfc15ea9c122ad2a,HTTPError('500 Server Error: Internal Server Error for url: /api/tasks/69ba75b1cfc15ea9c122ad2a'),1
PATCH,/api/tasks/69ba75bccfc15ea9c122ad87,HTTPError('500 Server Error: Internal Server Error for url: /api/tasks/69ba75bccfc15ea9c122ad87'),1
PATCH,/api/tasks/69ba75c8cfc15ea9c122adee,HTTPError('500 Server Error: Internal Server Error for url: /api/tasks/69ba75c8cfc15ea9c122adee'),1
PATCH,/api/tasks/69ba75bacfc15ea9c122ad6b,HTTPError('500 Server Error: Internal Server Error for url: /api/tasks/69ba75bacfc15ea9c122ad6b'),1
PATCH,/api/tasks/69ba75c4cfc15ea9c122adcb,HTTPError('500 Server Error: Internal Server Error for url: /api/tasks/69ba75c4cfc15ea9c122adcb'),1
PATCH,/api/tasks/69ba75b2cfc15ea9c122ad2b,HTTPError('500 Server Error: Internal Server Error for url: /api/tasks/69ba75b2cfc15ea9c122ad2b'),1
PATCH,/api/tasks/69ba75bbcfc15ea9c122ad79,HTTPError('500 Server Error: Internal Server Error for url: /api/tasks/69ba75bbcfc15ea9c122ad79'),1
PATCH,/api/tasks/69ba75bacfc15ea9c122ad71,HTTPError('500 Server Error: Internal Server Error for url: /api/tasks/69ba75bacfc15ea9c122ad71'),1
PATCH,/api/tasks/69ba75c8cfc15ea9c122ade8,HTTPError('500 Server Error: Internal Server Error for url: /api/tasks/69ba75c8cfc15ea9c122ade8'),1
PATCH,/api/tasks/69ba75b2cfc15ea9c122ad2e,HTTPError('500 Server Error: Internal Server Error for url: /api/tasks/69ba75b2cfc15ea9c122ad2e'),1
PATCH,/api/tasks/69ba75b6cfc15ea9c122ad50,HTTPError('500 Server Error: Internal Server Error for url: /api/tasks/69ba75b6cfc15ea9c122ad50'),1
PATCH,/api/tasks/69ba75c9cfc15ea9c122adf9,HTTPError('500 Server Error: Internal Server Error for url: /api/tasks/69ba75c9cfc15ea9c122adf9'),1
PATCH,/api/tasks/69ba75c1cfc15ea9c122adaf,HTTPError('500 Server Error: Internal Server Error for url: /api/tasks/69ba75c1cfc15ea9c122adaf'),1
PATCH,/api/tasks/69ba75b5cfc15ea9c122ad40,HTTPError('500 Server Error: Internal Server Error for url: /api/tasks/69ba75b5cfc15ea9c122ad40'),1
PATCH,/api/tasks/69ba75c9cfc15ea9c122adf6,HTTPError('500 Server Error: Internal Server Error for url: /api/tasks/69ba75c9cfc15ea9c122adf6'),1
PATCH,/api/tasks/69ba75c8cfc15ea9c122adf1,HTTPError('500 Server Error: Internal Server Error for url: /api/tasks/69ba75c8cfc15ea9c122adf1'),1
PATCH,/api/tasks/69ba75becfc15ea9c122ad9c,HTTPError('500 Server Error: Internal Server Error for url: /api/tasks/69ba75becfc15ea9c122ad9c'),1
PATCH,/api/tasks/69ba75bacfc15ea9c122ad70,HTTPError('500 Server Error: Internal Server Error for url: /api/tasks/69ba75bacfc15ea9c122ad70'),1
PATCH,/api/tasks/69ba75c0cfc15ea9c122ada2,HTTPError('500 Server Error: Internal Server Error for url: /api/tasks/69ba75c0cfc15ea9c122ada2'),1
PATCH,/api/tasks/69ba75c7cfc15ea9c122addc,HTTPError('500 Server Error: Internal Server Error for url: /api/tasks/69ba75c7cfc15ea9c122addc'),1
PATCH,/api/tasks/69ba75bbcfc15ea9c122ad7d,HTTPError('500 Server Error: Internal Server Error for url: /api/tasks/69ba75bbcfc15ea9c122ad7d'),1
PATCH,/api/tasks/69ba75bccfc15ea9c122ad85,HTTPError('500 Server Error: Internal Server Error for url: /api/tasks/69ba75bccfc15ea9c122ad85'),1
PATCH,/api/tasks/69ba75c3cfc15ea9c122adc8,HTTPError('500 Server Error: Internal Server Error for url: /api/tasks/69ba75c3cfc15ea9c122adc8'),1
PATCH,/api/tasks/69ba75c7cfc15ea9c122add8,HTTPError('500 Server Error: Internal Server Error for url: /api/tasks/69ba75c7cfc15ea9c122add8'),1
PATCH,/api/tasks/69ba75b1cfc15ea9c122ad25,HTTPError('500 Server Error: Internal Server Error for url: /api/tasks/69ba75b1cfc15ea9c122ad25'),1
PATCH,/api/tasks/69ba75bacfc15ea9c122ad72,HTTPError('500 Server Error: Internal Server Error for url: /api/tasks/69ba75bacfc15ea9c122ad72'),1
PATCH,/api/tasks/69ba75c2cfc15ea9c122adb4,HTTPError('500 Server Error: Internal Server Error for url: /api/tasks/69ba75c2cfc15ea9c122adb4'),1
PATCH,/api/tasks/69ba75b5cfc15ea9c122ad3f,HTTPError('500 Server Error: Internal Server Error for url: /api/tasks/69ba75b5cfc15ea9c122ad3f'),1
PATCH,/api/tasks/69ba75b3cfc15ea9c122ad34,HTTPError('500 Server Error: Internal Server Error for url: /api/tasks/69ba75b3cfc15ea9c122ad34'),1
PATCH,/api/tasks/69ba75bbcfc15ea9c122ad83,HTTPError('500 Server Error: Internal Server Error for url: /api/tasks/69ba75bbcfc15ea9c122ad83'),1
PATCH,/api/tasks/69ba75bdcfc15ea9c122ad94,HTTPError('500 Server Error: Internal Server Error for url: /api/tasks/69ba75bdcfc15ea9c122ad94'),1
PATCH,/api/tasks/69ba75c2cfc15ea9c122adbe,HTTPError('500 Server Error: Internal Server Error for url: /api/tasks/69ba75c2cfc15ea9c122adbe'),1
PATCH,/api/tasks/69ba75b2cfc15ea9c122ad2d,HTTPError('500 Server Error: Internal Server Error for url: /api/tasks/69ba75b2cfc15ea9c122ad2d'),1
PATCH,/api/tasks/69ba75b8cfc15ea9c122ad64,HTTPError('500 Server Error: Internal Server Error for url: /api/tasks/69ba75b8cfc15ea9c122ad64'),1
PATCH,/api/tasks/69ba75b5cfc15ea9c122ad42,HTTPError('500 Server Error: Internal Server Error for url: /api/tasks/69ba75b5cfc15ea9c122ad42'),1
PATCH,/api/tasks/69ba75bccfc15ea9c122ad8f,HTTPError('500 Server Error: Internal Server Error for url: /api/tasks/69ba75bccfc15ea9c122ad8f'),1
PATCH,/api/tasks/69ba75c9cfc15ea9c122adf8,HTTPError('500 Server Error: Internal Server Error for url: /api/tasks/69ba75c9cfc15ea9c122adf8'),1
PATCH,/api/tasks/69ba75c2cfc15ea9c122adbc,HTTPError('500 Server Error: Internal Server Error for url: /api/tasks/69ba75c2cfc15ea9c122adbc'),1
PATCH,/api/tasks/69ba75c6cfc15ea9c122adcf,HTTPError('500 Server Error: Internal Server Error for url: /api/tasks/69ba75c6cfc15ea9c122adcf'),1
PATCH,/api/tasks/69ba75bccfc15ea9c122ad90,HTTPError('500 Server Error: Internal Server Error for url: /api/tasks/69ba75bccfc15ea9c122ad90'),1
PATCH,/api/tasks/69ba75c7cfc15ea9c122add9,HTTPError('500 Server Error: Internal Server Error for url: /api/tasks/69ba75c7cfc15ea9c122add9'),1
PATCH,/api/tasks/69ba75c7cfc15ea9c122add4,HTTPError('500 Server Error: Internal Server Error for url: /api/tasks/69ba75c7cfc15ea9c122add4'),1
